Sun Nov 23 01:41:40 UTC 2025
Mon Nov 24 01:25:11 UTC 2025
Mon Nov 24 01:25:32 UTC 2025
Mon Nov 24 01:27:03 UTC 2025
Tue Nov 25 01:20:20 UTC 2025
Tue Nov 25 01:20:36 UTC 2025
Tue Nov 25 01:20:58 UTC 2025
Tue Nov 25 01:22:11 UTC 2025
Thu Nov 27 01:19:13 UTC 2025
Thu Nov 27 01:19:58 UTC 2025
Thu Nov 27 01:20:56 UTC 2025
Thu Nov 27 01:22:20 UTC 2025
Thu Nov 27 01:23:55 UTC 2025
Mon Dec  1 01:44:50 UTC 2025
Mon Dec  1 01:45:14 UTC 2025
Mon Dec  1 01:46:28 UTC 2025
Mon Dec  1 01:47:32 UTC 2025
Mon Dec  8 01:23:00 UTC 2025
